{
	"name": "adf_worker__2__get_run_id_details",
	"properties": {
		"description": "Gets an ADF execution details based on an already given on an existing Run ID.",
		"activities": [
			{
				"name": "until_pipeline_reaches_final_state",
				"description": "Querie pipeline again and again until it reaches final state.",
				"type": "Until",
				"dependsOn": [],
				"userProperties": [],
				"typeProperties": {
					"expression": {
						"value": "@contains(\n    createArray('Succeeded', 'Failed', 'Cancelled'),\n    variables('pipeline_run_status')\n)",
						"type": "Expression"
					},
					"activities": [
						{
							"name": "call_adf_worker_rest_run_details",
							"description": "Calls ADF worker REST API for run details based on the run id.\n\nDocumentation; https://learn.microsoft.com/en-us/rest/api/datafactory/pipeline-runs/get?view=rest-datafactory-2018-06-01&tabs=HTTP",
							"type": "WebActivity",
							"dependsOn": [],
							"policy": {
								"timeout": "0.12:00:00",
								"retry": 0,
								"retryIntervalInSeconds": 30,
								"secureOutput": false,
								"secureInput": false
							},
							"userProperties": [],
							"typeProperties": {
								"method": "GET",
								"url": {
									"value": "@{pipeline().parameters.adf_worker_url}/pipelineruns/@{pipeline().parameters.adf_pipeline_run_id}?@{pipeline().parameters.adf_worker_params}",
									"type": "Expression"
								},
								"authentication": {
									"type": "MSI",
									"resource": {
										"value": "@{pipeline().globalParameters.adf_worker[pipeline().parameters.env.env].service_resource}",
										"type": "Expression"
									}
								}
							}
						},
						{
							"name": "set_pipeline_run_status",
							"description": "Sets new value for pipeline_run_status",
							"type": "SetVariable",
							"dependsOn": [
								{
									"activity": "call_adf_worker_rest_run_details",
									"dependencyConditions": [
										"Succeeded"
									]
								}
							],
							"policy": {
								"secureOutput": false,
								"secureInput": false
							},
							"userProperties": [],
							"typeProperties": {
								"variableName": "pipeline_run_status",
								"value": {
									"value": "@activity('call_adf_worker_rest_run_details').output.status",
									"type": "Expression"
								}
							}
						},
						{
							"name": "wait_50s",
							"description": "wait 50s",
							"type": "Wait",
							"dependsOn": [
								{
									"activity": "set_pipeline_run_status",
									"dependencyConditions": [
										"Succeeded"
									]
								}
							],
							"userProperties": [],
							"typeProperties": {
								"waitTimeInSeconds": 50
							}
						},
						{
							"name": "return",
							"type": "SetVariable",
							"dependsOn": [
								{
									"activity": "call_adf_worker_rest_run_details",
									"dependencyConditions": [
										"Succeeded"
									]
								}
							],
							"policy": {
								"secureOutput": false,
								"secureInput": false
							},
							"userProperties": [],
							"typeProperties": {
								"variableName": "pipelineReturnValue",
								"value": [
									{
										"key": "return",
										"value": {
											"type": "Expression",
											"content": "@activity('call_adf_worker_rest_run_details').output"
										}
									}
								],
								"setSystemVariable": true
							}
						}
					],
					"timeout": "0.12:00:00"
				}
			},
			{
				"name": "check_success",
				"description": "Check if pipeline executed successfully",
				"type": "IfCondition",
				"dependsOn": [
					{
						"activity": "until_pipeline_reaches_final_state",
						"dependencyConditions": [
							"Succeeded"
						]
					}
				],
				"userProperties": [],
				"typeProperties": {
					"expression": {
						"value": "@equals(\n    variables('pipeline_run_status'),\n    'Succeeded'\n)",
						"type": "Expression"
					},
					"ifFalseActivities": [
						{
							"name": "pipeline_not_succeeded",
							"description": "Well, now check the error in the output",
							"type": "Fail",
							"dependsOn": [],
							"userProperties": [],
							"typeProperties": {
								"message": {
									"value": "@string(activity('call_adf_worker_rest_run_details').output)",
									"type": "Expression"
								},
								"errorCode": "1"
							}
						}
					],
					"ifTrueActivities": [
						{
							"name": "pipeline_succeeded",
							"description": "OK",
							"type": "Wait",
							"dependsOn": [],
							"userProperties": [],
							"typeProperties": {
								"waitTimeInSeconds": 1
							}
						}
					]
				}
			}
		],
		"parameters": {
			"adf_worker_url": {
				"type": "string"
			},
			"adf_pipeline_run_id": {
				"type": "string"
			},
			"adf_worker_params": {
				"type": "string"
			},
			"env": {
				"type": "object",
				"defaultValue": {
					"env": "dev"
				}
			}
		},
		"variables": {
			"pipeline_run_status": {
				"type": "String",
				"defaultValue": "InProgress"
			}
		},
		"folder": {
			"name": "templates/common"
		},
		"annotations": [
			"ADF",
			"Common"
		]
	}
}