{
	"name": "adf_worker__1___get_url",
	"properties": {
		"description": "Sets ADF worker URL",
		"activities": [
			{
				"name": "set_adf_worker",
				"description": "Serts adf_worker variable",
				"type": "SetVariable",
				"dependsOn": [],
				"policy": {
					"secureOutput": false,
					"secureInput": false
				},
				"userProperties": [],
				"typeProperties": {
					"variableName": "adf_worker",
					"value": {
						"value": "@string(pipeline().globalParameters.adf_worker[pipeline().parameters.env.env])",
						"type": "Expression"
					}
				}
			},
			{
				"name": "set_adf_worker_url",
				"description": "Set URL to be invoked",
				"type": "SetVariable",
				"dependsOn": [
					{
						"activity": "set_adf_worker",
						"dependencyConditions": [
							"Succeeded"
						]
					}
				],
				"policy": {
					"secureOutput": false,
					"secureInput": false
				},
				"userProperties": [],
				"typeProperties": {
					"variableName": "adf_worker_url",
					"value": {
						"value": "https://management.azure.com/subscriptions/@{json(variables('adf_worker')).subscription_id}/resourceGroups/@{json(variables('adf_worker')).resource_group}/providers/Microsoft.DataFactory/factories/@{json(variables('adf_worker')).factory_name}",
						"type": "Expression"
					}
				}
			},
			{
				"name": "return_adf_worker_url_and params",
				"description": "Documentation on returning values:\nhttps://learn.microsoft.com/en-us/azure/data-factory/tutorial-pipeline-return-value",
				"type": "SetVariable",
				"dependsOn": [
					{
						"activity": "set_adf_worker_url",
						"dependencyConditions": [
							"Succeeded"
						]
					}
				],
				"policy": {
					"secureOutput": false,
					"secureInput": false
				},
				"userProperties": [],
				"typeProperties": {
					"variableName": "pipelineReturnValue",
					"value": [
						{
							"key": "adf_worker_url",
							"value": {
								"type": "Expression",
								"content": "@variables('adf_worker_url')"
							}
						},
						{
							"key": "adf_worker_common_params",
							"value": {
								"type": "Expression",
								"content": "api-version=@{json(variables('adf_worker')).api_version}"
							}
						}
					],
					"setSystemVariable": true
				}
			}
		],
		"parameters": {
			"env": {
				"type": "object",
				"defaultValue": {
					"env": "dev"
				}
			},
			"tables": {
				"type": "array"
			},
			"adf": {
				"type": "object"
			}
		},
		"variables": {
			"adf_worker": {
				"type": "String"
			},
			"adf_worker_url": {
				"type": "String"
			}
		},
		"folder": {
			"name": "templates/common"
		},
		"annotations": [
			"ADF",
			"Common"
		]
	}
}