{
	"name": "adf_worker__0__run_pipeline",
	"properties": {
		"description": "This pipeline will always be called by a data layer template. This is required for it to work. From this point onwards, it's just awesome work done on the worker's side.",
		"activities": [
			{
				"name": "call_adf_worker_run_template",
				"description": "Call worker ADF template pipeline and passes the required parameters to it.\n\n- Template definitions must come from lobal variables?\n",
				"type": "WebActivity",
				"dependsOn": [
					{
						"activity": "set_adf_worker_url",
						"dependencyConditions": [
							"Succeeded"
						]
					},
					{
						"activity": "set_adf_worker_common_params",
						"dependencyConditions": [
							"Succeeded"
						]
					}
				],
				"policy": {
					"timeout": "0.12:00:00",
					"retry": 0,
					"retryIntervalInSeconds": 30,
					"secureOutput": false,
					"secureInput": false
				},
				"userProperties": [],
				"typeProperties": {
					"method": "POST",
					"url": {
						"value": "@{variables('adf_worker_url')}/pipelines/@{pipeline()?.TriggeredByPipelineName}/createRun?@{variables('adf_worker_common_params')}",
						"type": "Expression"
					},
					"body": {
						"value": "@string(pipeline().parameters.pipeline_params)",
						"type": "Expression"
					},
					"authentication": {
						"type": "MSI",
						"resource": {
							"value": "@{pipeline().globalParameters.adf_worker[pipeline().parameters.env.env].service_resource}",
							"type": "Expression"
						}
					}
				}
			},
			{
				"name": "adf_woker__1__get_url",
				"description": "Calls template that return ADF worker URL",
				"type": "ExecutePipeline",
				"dependsOn": [],
				"policy": {
					"secureInput": false
				},
				"userProperties": [],
				"typeProperties": {
					"pipeline": {
						"referenceName": "adf_worker__1___get_url",
						"type": "PipelineReference"
					},
					"waitOnCompletion": true,
					"parameters": {
						"env": {
							"value": "@pipeline().parameters.env",
							"type": "Expression"
						}
					}
				}
			},
			{
				"name": "set_adf_worker_url",
				"description": "Sets ADF worker base URL for simplification of later use",
				"type": "SetVariable",
				"dependsOn": [
					{
						"activity": "adf_woker__1__get_url",
						"dependencyConditions": [
							"Succeeded"
						]
					}
				],
				"policy": {
					"secureOutput": false,
					"secureInput": false
				},
				"userProperties": [],
				"typeProperties": {
					"variableName": "adf_worker_url",
					"value": {
						"value": "@activity('adf_woker__1__get_url').output.pipelineReturnValue.adf_worker_url",
						"type": "Expression"
					}
				}
			},
			{
				"name": "set_adf_worker_common_params",
				"description": "Sets ADF Worker common params to be used with REST calls",
				"type": "SetVariable",
				"dependsOn": [
					{
						"activity": "adf_woker__1__get_url",
						"dependencyConditions": [
							"Succeeded"
						]
					}
				],
				"policy": {
					"secureOutput": false,
					"secureInput": false
				},
				"userProperties": [],
				"typeProperties": {
					"variableName": "adf_worker_common_params",
					"value": {
						"value": "@activity('adf_woker__1__get_url').output.pipelineReturnValue.adf_worker_common_params",
						"type": "Expression"
					}
				}
			},
			{
				"name": "adf_worker__2__get_run_id_details",
				"description": "Gets Run Id details from worker ADF",
				"type": "ExecutePipeline",
				"dependsOn": [
					{
						"activity": "url_monitor",
						"dependencyConditions": [
							"Succeeded"
						]
					}
				],
				"policy": {
					"secureInput": false
				},
				"userProperties": [],
				"typeProperties": {
					"pipeline": {
						"referenceName": "adf_worker__2__get_run_id_details",
						"type": "PipelineReference"
					},
					"waitOnCompletion": true,
					"parameters": {
						"adf_worker_url": {
							"value": "@variables('adf_worker_url')",
							"type": "Expression"
						},
						"adf_pipeline_run_id": {
							"value": "@activity('call_adf_worker_run_template').output.runId",
							"type": "Expression"
						},
						"adf_worker_params": {
							"value": "@variables('adf_worker_common_params')",
							"type": "Expression"
						},
						"env": {
							"value": "@pipeline().parameters.env",
							"type": "Expression"
						}
					}
				}
			},
			{
				"name": "url_monitor",
				"type": "SetVariable",
				"dependsOn": [
					{
						"activity": "call_adf_worker_run_template",
						"dependencyConditions": [
							"Succeeded"
						]
					}
				],
				"policy": {
					"secureOutput": false,
					"secureInput": false
				},
				"userProperties": [],
				"typeProperties": {
					"variableName": "url_monitor",
					"value": {
						"value": "@concat('https://adf.azure.com/en/monitoring/pipelineruns/',activity('call_adf_worker_run_template').output.runId,'?factory=%2Fsubscriptions%2F3e3a21e3-9551-4945-8c46-c02f558392ce%2FresourceGroups%2Fbigdata%2Fproviders%2FMicrosoft.DataFactory%2Ffactories%2Fcnibigdatafactory')",
						"type": "Expression"
					}
				}
			},
			{
				"name": "return",
				"type": "SetVariable",
				"dependsOn": [
					{
						"activity": "adf_worker__2__get_run_id_details",
						"dependencyConditions": [
							"Succeeded"
						]
					}
				],
				"policy": {
					"secureOutput": false,
					"secureInput": false
				},
				"userProperties": [],
				"typeProperties": {
					"variableName": "pipelineReturnValue",
					"value": [
						{
							"key": "return",
							"value": {
								"type": "Expression",
								"content": "@activity('adf_worker__2__get_run_id_details').output.pipelineReturnValue.return"
							}
						}
					],
					"setSystemVariable": true
				}
			}
		],
		"parameters": {
			"env": {
				"type": "object",
				"defaultValue": {
					"env": "dev"
				}
			},
			"pipeline_params": {
				"type": "object"
			}
		},
		"variables": {
			"email_user": {
				"type": "Array",
				"defaultValue": []
			},
			"container": {
				"type": "String"
			},
			"adf_worker_url": {
				"type": "String"
			},
			"adf_worker_common_params": {
				"type": "String"
			},
			"url_monitor": {
				"type": "String"
			}
		},
		"folder": {
			"name": "templates/common"
		},
		"annotations": []
	}
}
