{
	"name": "biz_biz_dim_demanda_members_qtd_demandas_adb",
	"properties": {
		"activities": [
			{
				"name": "business__0__switch_env",
				"description": "Calls business template \"template_business\".",
				"type": "ExecutePipeline",
				"dependsOn": [],
				"policy": {
					"secureInput": false
				},
				"userProperties": [],
				"typeProperties": {
					"pipeline": {
						"referenceName": "business__0__switch_env",
						"type": "PipelineReference"
					},
					"waitOnCompletion": true,
					"parameters": {
						"env": {
							"value": "@pipeline().parameters.env",
							"type": "Expression"
						},
						"table": {
							"value": "@pipeline().parameters.tables",
							"type": "Expression"
						},
						"adf": {
							"value": "@json(concat('{\"adf_factory_name\": \"', pipeline().DataFactory, '\", \"adf_pipeline_name\": \"', pipeline().Pipeline, '\", \"adf_pipeline_run_id\": \"', pipeline().RunId, '\",  \"adf_trigger_id\": \"', pipeline().TriggerId, '\", \"adf_trigger_name\": \"', pipeline().TriggerName, '\", \"adf_trigger_time\": \"', pipeline().TriggerTime, '\",  \"adf_trigger_type\": \"', pipeline().TriggerType, '\"}'))",
							"type": "Expression"
						},
						"user_parameters": {
							"value": "@pipeline().parameters.user_parameters",
							"type": "Expression"
						},
						"sqldw_copy": {
							"value": "@pipeline().parameters.sqldw_copy",
							"type": "Expression"
						},
						"sqldw_grant": {
							"value": "@pipeline().parameters.sqldw_grant",
							"type": "Expression"
						}
					}
				}
			},
			{
				"name": "alerta_falha",
				"type": "ExecutePipeline",
				"dependsOn": [
					{
						"activity": "business__0__switch_env",
						"dependencyConditions": [
							"Failed"
						]
					}
				],
				"policy": {
					"secureInput": false
				},
				"userProperties": [],
				"typeProperties": {
					"pipeline": {
						"referenceName": "send_email",
						"type": "PipelineReference"
					},
					"waitOnCompletion": true,
					"parameters": {
						"email_users": {
							"value": "@array('monitoramento_observatorio@cni.com.br')",
							"type": "Expression"
						},
						"email_groups": {
							"value": "@array('')",
							"type": "Expression"
						},
						"adf": {
							"value": "@json(concat('{\"adf_factory_name\": \"', pipeline().DataFactory, '\", \"adf_pipeline_name\": \"', pipeline().Pipeline, '\", \"adf_pipeline_run_id\": \"', pipeline().RunId, '\",  \"adf_trigger_id\": \"', pipeline().TriggerId, '\", \"adf_trigger_name\": \"', pipeline().TriggerName, '\", \"adf_trigger_time\": \"', pipeline().TriggerTime, '\",  \"adf_trigger_type\": \"', pipeline().TriggerType, '\"}'))",
							"type": "Expression"
						},
						"env": {
							"value": "@pipeline().parameters.env",
							"type": "Expression"
						}
					}
				}
			},
			{
				"name": "Fail",
				"type": "Fail",
				"dependsOn": [
					{
						"activity": "alerta_falha",
						"dependencyConditions": [
							"Succeeded",
							"Failed"
						]
					}
				],
				"userProperties": [],
				"typeProperties": {
					"message": {
						"value": "@concat('Falha na execução da pipeline ',pipeline().Pipeline)",
						"type": "Expression"
					},
					"errorCode": "500"
				}
			}
		],
		"parameters": {
			"tables": {
				"type": "object",
				"defaultValue": {
					"path_origin": "oni",
					"params": "painel_de_demandas",
					"path_destination": "oni/painel_de_demandas/members_of_card",
					"destination": "/oni/painel_de_demandas/members_of_card",
					"table_member": "trello/member",
					"table_juncao_boards_cards_members": "trello/juncao_boards_cards_members",
					"table_fact": "fact",
					"table_members_of_card": "members_of_card",
					"databricks": {
						"notebook": "/biz/oni/trello_adb/demandas_adb/biz_biz_dim_demand_members_of_card_adb"
					},
					"copy_sqldw": "false"
				}
			},
			"user_parameters": {
				"type": "object",
				"defaultValue": {
					"null": "null"
				}
			},
			"env": {
				"type": "object",
				"defaultValue": {
					"env": "dev"
				}
			},
			"sqldw_copy": {
				"type": "bool",
				"defaultValue": false
			},
			"sqldw_grant": {
				"type": "string"
			}
		},
		"folder": {
			"name": "biz/oni/trello_adb/demandas_adb"
		},
		"annotations": []
	}
}