{
	"name": "biz_biz_export_fte_vagas_painel",
	"properties": {
		"activities": [
			{
				"name": "business__0__switch_env",
				"description": "Calls business template \"template_business\".",
				"type": "ExecutePipeline",
				"dependsOn": [],
				"userProperties": [],
				"typeProperties": {
					"pipeline": {
						"referenceName": "business__0__switch_env",
						"type": "PipelineReference"
					},
					"waitOnCompletion": true,
					"parameters": {
						"env": {
							"value": "@pipeline().parameters.env",
							"type": "Expression"
						},
						"table": {
							"value": "@pipeline().parameters.tables",
							"type": "Expression"
						},
						"adf": {
							"value": "@json(concat('{\"adf_factory_name\": \"', pipeline().DataFactory, '\", \"adf_pipeline_name\": \"', pipeline().Pipeline, '\", \"adf_pipeline_run_id\": \"', pipeline().RunId, '\",  \"adf_trigger_id\": \"', pipeline().TriggerId, '\", \"adf_trigger_name\": \"', pipeline().TriggerName, '\", \"adf_trigger_time\": \"', pipeline().TriggerTime, '\",  \"adf_trigger_type\": \"', pipeline().TriggerType, '\"}'))",
							"type": "Expression"
						},
						"user_parameters": {
							"value": "@pipeline().parameters.user_parameters",
							"type": "Expression"
						},
						"sqldw_copy": {
							"value": "@pipeline().parameters.sqldw_copy",
							"type": "Expression"
						},
						"sqldw_grant": {
							"value": "@pipeline().parameters.sqldw_grant",
							"type": "Expression"
						}
					}
				}
			}
		],
		"parameters": {
			"tables": {
				"type": "object",
				"defaultValue": {
					"path_vagas": "oni/monitor_de_vagas/dim_vagas_consolidadas/",
					"path_label": "oni/monitor_de_vagas/dim_vagas_classificadas",
					"path_destination": "oni/monitor_de_vagas/",
					"destination": "/oni/monitor_de_vagas/fte_vagas_painel",
					"databricks": {
						"notebook": "/biz/oni/monitor_de_vagas/biz_biz_export_fte_vagas_painel"
					}
				}
			},
			"user_parameters": {
				"type": "object",
				"defaultValue": {
					"null": "null"
				}
			},
			"env": {
				"type": "object",
				"defaultValue": {
					"env": "dev"
				}
			},
			"sqldw_copy": {
				"type": "bool"
			},
			"sqldw_grant": {
				"type": "string"
			}
		},
		"folder": {
			"name": "biz/oni/monitor_de_vagas"
		},
		"annotations": []
	}
}