{
	"name": "biz_biz_trello_dim_compras_members_of_card",
	"properties": {
		"activities": [
			{
				"name": "business__0__switch_env",
				"description": "Calls business template \"template_business\".",
				"type": "ExecutePipeline",
				"state": "Inactive",
				"onInactiveMarkAs": "Succeeded",
				"dependsOn": [],
				"policy": {
					"secureInput": false
				},
				"userProperties": [],
				"typeProperties": {
					"pipeline": {
						"referenceName": "business__0__switch_env",
						"type": "PipelineReference"
					},
					"waitOnCompletion": true,
					"parameters": {
						"env": {
							"value": "@pipeline().parameters.env",
							"type": "Expression"
						},
						"table": {
							"value": "@pipeline().parameters.tables",
							"type": "Expression"
						},
						"adf": {
							"value": "@json(concat('{\"adf_factory_name\": \"', pipeline().DataFactory, '\", \"adf_pipeline_name\": \"', pipeline().Pipeline, '\", \"adf_pipeline_run_id\": \"', pipeline().RunId, '\",  \"adf_trigger_id\": \"', pipeline().TriggerId, '\", \"adf_trigger_name\": \"', pipeline().TriggerName, '\", \"adf_trigger_time\": \"', pipeline().TriggerTime, '\",  \"adf_trigger_type\": \"', pipeline().TriggerType, '\"}'))",
							"type": "Expression"
						},
						"user_parameters": {
							"value": "@pipeline().parameters.user_parameters",
							"type": "Expression"
						},
						"sqldw_copy": {
							"value": "@pipeline().parameters.sqldw_copy",
							"type": "Expression"
						},
						"sqldw_grant": {
							"value": "@pipeline().parameters.sqldw_grant",
							"type": "Expression"
						}
					}
				}
			}
		],
		"parameters": {
			"tables": {
				"type": "object",
				"defaultValue": {
					"path_origin": "trello",
					"path_destination": "trello/compras/members_of_card",
					"destination": "/trello/compras/members_of_card",
					"table_member": "member",
					"table_juncao_boards_cards_members": "juncao_boards_cards_members",
					"table_fact": "fact",
					"table_members_of_card": "members_of_card",
					"databricks": {
						"notebook": "/biz/trello/compras/biz_biz_dim_compras_members_of_card"
					}
				}
			},
			"user_parameters": {
				"type": "object",
				"defaultValue": {
					"null": "null"
				}
			},
			"env": {
				"type": "object",
				"defaultValue": {
					"env": "dev"
				}
			},
			"sqldw_copy": {
				"type": "bool",
				"defaultValue": false
			},
			"sqldw_grant": {
				"type": "string"
			}
		},
		"folder": {
			"name": "biz/oni/trello/compras"
		},
		"annotations": []
	}
}