{
	"name": "biz_biz_dataset_eja_unidade",
	"properties": {
		"activities": [
			{
				"name": "business__0__switch_env",
				"description": "Calls business template \"template_business\".",
				"type": "ExecutePipeline",
				"dependsOn": [],
				"policy": {
					"secureInput": false
				},
				"userProperties": [],
				"typeProperties": {
					"pipeline": {
						"referenceName": "business__0__switch_env",
						"type": "PipelineReference"
					},
					"waitOnCompletion": true,
					"parameters": {
						"env": {
							"value": "@pipeline().parameters.env",
							"type": "Expression"
						},
						"table": {
							"value": "@pipeline().parameters.tables",
							"type": "Expression"
						},
						"adf": {
							"value": "@json(concat('{\"adf_factory_name\": \"', pipeline().DataFactory, '\", \"adf_pipeline_name\": \"', pipeline().Pipeline, '\", \"adf_pipeline_run_id\": \"', pipeline().RunId, '\",  \"adf_trigger_id\": \"', pipeline().TriggerId, '\", \"adf_trigger_name\": \"', pipeline().TriggerName, '\", \"adf_trigger_time\": \"', pipeline().TriggerTime, '\",  \"adf_trigger_type\": \"', pipeline().TriggerType, '\"}'))",
							"type": "Expression"
						},
						"user_parameters": {
							"value": "@pipeline().parameters.user_parameters",
							"type": "Expression"
						},
						"sqldw_copy": {
							"value": "@pipeline().parameters.sqldw_copy",
							"type": "Expression"
						},
						"sqldw_grant": {
							"value": "@pipeline().parameters.sqldw_grant",
							"type": "Expression"
						}
					}
				}
			}
		],
		"concurrency": 1,
		"parameters": {
			"tables": {
				"type": "object",
				"defaultValue": {
					"origins": [
						"sesi/ebc/producao/bases_especializadas/base_unieduca",
						"sesi_eb/bases_auxiliares/unieduca/auxiliar",
						"sesi_eb/bases_auxiliares/unieduca/classificacao"
					],
					"destination": "sesi_eb/datasets_unieduca/painel_eja_novaeja_unidade/",
					"databricks": {
						"notebook": "/biz/datalake_sesi_senai/paineis_eb/biz_biz_dataset_eja_unidade"
					}
				}
			},
			"user_parameters": {
				"type": "object",
				"defaultValue": {
					"ano": "",
					"mes": ""
				}
			},
			"env": {
				"type": "object",
				"defaultValue": {
					"env": "dev"
				}
			},
			"sqldw_copy": {
				"type": "bool",
				"defaultValue": false
			},
			"sqldw_grant": {
				"type": "string"
			}
		},
		"folder": {
			"name": "biz/datalake_sesi_senai/eb/paineis_unieduca"
		},
		"annotations": []
	}
}