{
	"name": "biz_biz_fta_razao_formando_stem",
	"properties": {
		"activities": [
			{
				"name": "business__0__switch_env",
				"description": "Calls business template \"template_business\".",
				"type": "ExecutePipeline",
				"dependsOn": [],
				"policy": {
					"secureInput": false
				},
				"userProperties": [],
				"typeProperties": {
					"pipeline": {
						"referenceName": "business__0__switch_env",
						"type": "PipelineReference"
					},
					"waitOnCompletion": true,
					"parameters": {
						"env": {
							"value": "@pipeline().parameters.env",
							"type": "Expression"
						},
						"table": {
							"value": "@pipeline().parameters.tables",
							"type": "Expression"
						},
						"adf": {
							"value": "@json(concat('{\"adf_factory_name\": \"', pipeline().DataFactory, '\", \"adf_pipeline_name\": \"', pipeline().Pipeline, '\", \"adf_pipeline_run_id\": \"', pipeline().RunId, '\",  \"adf_trigger_id\": \"', pipeline().TriggerId, '\", \"adf_trigger_name\": \"', pipeline().TriggerName, '\", \"adf_trigger_time\": \"', pipeline().TriggerTime, '\",  \"adf_trigger_type\": \"', pipeline().TriggerType, '\"}'))",
							"type": "Expression"
						},
						"user_parameters": {
							"value": "@pipeline().parameters.user_parameters",
							"type": "Expression"
						},
						"sqldw_copy": {
							"value": "@pipeline().parameters.sqldw_copy",
							"type": "Expression"
						},
						"sqldw_grant": {
							"value": "@pipeline().parameters.sqldw_grant",
							"type": "Expression"
						}
					}
				}
			},
			{
				"name": "alerta_falha",
				"type": "ExecutePipeline",
				"dependsOn": [
					{
						"activity": "business__0__switch_env",
						"dependencyConditions": [
							"Failed"
						]
					}
				],
				"policy": {
					"secureInput": false
				},
				"userProperties": [],
				"typeProperties": {
					"pipeline": {
						"referenceName": "send_email",
						"type": "PipelineReference"
					},
					"waitOnCompletion": true,
					"parameters": {
						"email_users": {
							"value": "@array('monitoramento_observatorio@cni.com.br')",
							"type": "Expression"
						},
						"email_groups": {
							"value": "@array('')",
							"type": "Expression"
						},
						"adf": {
							"value": "@json(concat('{\"adf_factory_name\": \"', pipeline().DataFactory, '\", \"adf_pipeline_name\": \"', pipeline().Pipeline, '\", \"adf_pipeline_run_id\": \"', pipeline().RunId, '\",  \"adf_trigger_id\": \"', pipeline().TriggerId, '\", \"adf_trigger_name\": \"', pipeline().TriggerName, '\", \"adf_trigger_time\": \"', pipeline().TriggerTime, '\",  \"adf_trigger_type\": \"', pipeline().TriggerType, '\"}'))",
							"type": "Expression"
						},
						"env": {
							"value": "@pipeline().parameters.env",
							"type": "Expression"
						}
					}
				}
			},
			{
				"name": "Fail1",
				"type": "Fail",
				"dependsOn": [
					{
						"activity": "alerta_falha",
						"dependencyConditions": [
							"Succeeded"
						]
					}
				],
				"userProperties": [],
				"typeProperties": {
					"message": "Falha",
					"errorCode": "500"
				}
			}
		],
		"parameters": {
			"tables": {
				"type": "object",
				"defaultValue": {
					"source_stem": "oni/atlas_inovacao/fta_censo_educacao_alunos",
					"source_alta_intencidade": "oni/atlas_inovacao/fta_cadastro_estbl",
					"source_lei_do_bem": "oni/atlas_inovacao/fta_MCTI_empresas_lei_do_bem",
					"source_nao_reembolsavel": "oni/atlas_inovacao/fta_empresas_icts_fin_nao_reembolsavel",
					"source_inovacao_bndes": "oni/atlas_inovacao/fta_empresa_fin_inovacao_bndes",
					"source_parques_tecnologicos": "oni/atlas_inovacao/fta_mcti_empresas_parques_tecnologicos",
					"destination": "oni/atlas_inovacao/fta_razao_formando_stem",
					"databricks": {
						"notebook": "/biz/oni/atlas_inovacao/biz_biz_fta_razao_formando_stem"
					}
				}
			},
			"user_parameters": {
				"type": "object",
				"defaultValue": {
					"null": "null"
				}
			},
			"env": {
				"type": "object",
				"defaultValue": {
					"env": "dev"
				}
			},
			"sqldw_copy": {
				"type": "bool",
				"defaultValue": false
			},
			"sqldw_grant": {
				"type": "string"
			}
		},
		"folder": {
			"name": "biz/oni/atlas_inovacao"
		},
		"annotations": []
	}
}