{
	"name": "business__0__switch_env",
	"properties": {
		"description": "Checks the parameter in \"env\" variable to decide which parameters and connections to use. This will avoid having to declare a full set of parameters like \"databricks\", \"sqldw\"\n\nNeeded parameters:\n- tables: dict; complete definition including the relative path for the databricks notebook. This is not an array, you need to provide one nd only one table for this execution.\n- env: dict type; simple key value definition\n- adf: dict type; complete definition taking the parameters the parent pipeline (the one that entitles the process)\n\n\"adf\" parameter may be passed as string all the \nThese NEEDED PARAMS will come from the most exposed (the outer layer) of the pipeline, the one that takes the process' name.\n",
		"activities": [
			{
				"name": "adf_worker__0__run_pipeline",
				"description": "Invokes template adf_worker__0__run_pipeline.\n\nYou cannot keep \\n when concatenating values for  generating a json or ADF will always understand it as a string",
				"type": "ExecutePipeline",
				"dependsOn": [],
				"policy": {
					"secureInput": false
				},
				"userProperties": [],
				"typeProperties": {
					"pipeline": {
						"referenceName": "adf_worker__0__run_pipeline",
						"type": "PipelineReference"
					},
					"waitOnCompletion": true,
					"parameters": {
						"env": {
							"value": "@pipeline().parameters.env",
							"type": "Expression"
						},
						"pipeline_params": {
							"value": "@json(concat('{\"env\": ',string(pipeline().parameters.env), ',\"table\": ',string(pipeline().parameters.table),',\"adf\": ', string(pipeline().parameters.adf),',\"user_parameters\": ',string(pipeline().parameters.user_parameters),',\"sqldw_copy\": \"', string(pipeline().parameters.sqldw_copy),'\", \"sqldw_grant\": \"', string(pipeline().parameters.sqldw_grant), '\", \"run_datatest\": \"', string(pipeline().parameters.run_datatest), '\"}'))",
							"type": "Expression"
						}
					}
				}
			}
		],
		"parameters": {
			"env": {
				"type": "object",
				"defaultValue": {
					"env": "dev"
				}
			},
			"table": {
				"type": "object"
			},
			"adf": {
				"type": "object"
			},
			"user_parameters": {
				"type": "object"
			},
			"run_datatest": {
				"type": "bool",
				"defaultValue": false
			},
			"sqldw_copy": {
				"type": "bool",
				"defaultValue": false
			},
			"sqldw_grant": {
				"type": "string"
			}
		},
		"folder": {
			"name": "templates/biz"
		},
		"annotations": []
	}
}