{
	"name": "import_crw__0__switch_env",
	"properties": {
		"activities": [
			{
				"name": "adf_run_pipeline",
				"description": "Calls worker ADF and waits for execution completion",
				"type": "ExecutePipeline",
				"dependsOn": [],
				"policy": {
					"secureInput": false
				},
				"userProperties": [],
				"typeProperties": {
					"pipeline": {
						"referenceName": "adf_worker__0__run_pipeline",
						"type": "PipelineReference"
					},
					"waitOnCompletion": true,
					"parameters": {
						"env": {
							"value": "@pipeline().parameters.env",
							"type": "Expression"
						},
						"pipeline_params": {
							"value": "@json(concat('{\"env\": ',string(pipeline().parameters.env),',\"tables\": ',string(pipeline().parameters.tables),',\"databricks\": ',string(pipeline().parameters.databricks),',\"adf\": ', string(pipeline().parameters.adf),',\"ach_tables\": \"', string(pipeline().parameters.ach_tables), '\"}'))",
							"type": "Expression"
						}
					}
				}
			}
		],
		"parameters": {
			"env": {
				"type": "object"
			},
			"adf": {
				"type": "object"
			},
			"tables": {
				"type": "object"
			},
			"databricks": {
				"type": "object"
			},
			"ach_tables": {
				"type": "string",
				"defaultValue": "{'null':'null'}"
			}
		},
		"variables": {
			"container": {
				"type": "String"
			},
			"storage_url": {
				"type": "String"
			},
			"function_url": {
				"type": "String"
			},
			"function_secret": {
				"type": "String"
			},
			"keyvault_url": {
				"type": "String"
			}
		},
		"folder": {
			"name": "templates/raw/crw"
		},
		"annotations": []
	}
}