{
	"name": "import_lnd__0__execute_crw",
	"properties": {
		"activities": [
			{
				"name": "adf_run_pipeline",
				"description": "Calls worker ADF and waits for execution completion",
				"type": "ExecutePipeline",
				"dependsOn": [],
				"policy": {
					"secureInput": false
				},
				"userProperties": [],
				"typeProperties": {
					"pipeline": {
						"referenceName": "adf_worker__0__run_pipeline",
						"type": "PipelineReference"
					},
					"waitOnCompletion": true,
					"parameters": {
						"env": {
							"value": "@pipeline().parameters.env",
							"type": "Expression"
						},
						"pipeline_params": {
							"value": "@json(concat('{\"env\": ',string(pipeline().parameters.env),',\n\"bot\": \"',string(pipeline().parameters.bot),'\", \"adf\": ',string(pipeline().parameters.adf),',\"bot_params\": ',string(pipeline().parameters.bot_params),'}'))",
							"type": "Expression"
						}
					}
				}
			},
			{
				"name": "return",
				"type": "SetVariable",
				"dependsOn": [
					{
						"activity": "adf_run_pipeline",
						"dependencyConditions": [
							"Succeeded"
						]
					}
				],
				"policy": {
					"secureOutput": false,
					"secureInput": false
				},
				"userProperties": [],
				"typeProperties": {
					"variableName": "pipelineReturnValue",
					"value": [
						{
							"key": "return",
							"value": {
								"type": "Expression",
								"content": "@if(contains(string(activity('adf_run_pipeline').output.pipelineReturnValue), 'status_execution'),activity('adf_run_pipeline').output.pipelineReturnValue.return.pipelineReturnValue.return,activity('adf_run_pipeline').output.pipelineReturnValue)"
							}
						}
					],
					"setSystemVariable": true
				}
			}
		],
		"parameters": {
			"bot": {
				"type": "string"
			},
			"adf": {
				"type": "object",
				"defaultValue": {
					"adf_factory_name": "not implemented for this pipeline",
					"adf_pipeline_name": "not implemented for this pipeline",
					"adf_pipeline_run_id": "not implemented for this pipeline",
					"adf_trigger_id": "not implemented for this pipeline",
					"adf_trigger_name": "not implemented for this pipeline",
					"adf_trigger_time": "not implemented for this pipeline",
					"adf_trigger_type": "not implemented for this pipeline"
				}
			},
			"env": {
				"type": "object"
			},
			"bot_params": {
				"type": "string"
			}
		},
		"folder": {
			"name": "templates/lnd"
		},
		"annotations": []
	}
}