{
	"name": "import_uld_files__0__wrapper",
	"properties": {
		"description": "Some users are able to add files to ADLS, and these files lead to the following behavior:\n\n1 - They are read from folder: /uld/<namespace>/<table name>\n2 - Raw object is stored in: /raw/usr/<namespace>/<table name>\n3 - Original file is copied to: /ach//uld/<namespace>/<table name/<raw processing timestamp>\n4 - In the end, file is deleted from: /uld/<namespace>/<table name>\n\nAs we are reading from files in ADLS, there's no need to check for partitions or implement any logic for partitioning. The only requirement is to have one table schema for file path.\n\nLike any raw object, this one can be an incremental/append type or a full/overwrite. This key is also available in the \"files\" dict.\n\nThis implementation will look for definitions of file_extension in  \"file\" parameter. Different types os files might map to distinct types os connections, and so we need to implement them in this pipeline.\n\nWARNING: the tables object must be type ARRAY.\nAll objects in this array must be, in reality STRING type, enclosed by \".\nInsisde this objects, you should enclose everything in SINGLE QUOTES.\nOtherwise, things are not going to work. I warned you!\n\nIMPORTANT: for text type files there are some specific requiremets:\n\tescape char: \\ (backslash)\n\tquote char: \" (double quote)\n\tfirst row needs to be header, ALWAYS!\n\n\"dls\" needs a new section \"systems\", otherwise we won't be able to save it in the correct path in ADLS. Value is note preceded by \"/\". This si useful only for databricks. \n\nHere's an example for the complete implementation:\n\nfiles=[\"{'namespace': 'oba', 'file_folder': 'prm_cod_detalhamento_negocio_x_cr', 'extension': 'txt', 'column_delimiter': ';',  'encoding': 'UTF-8', 'null_value': ''}\"]\n\ndls=\n{\"folders\":{\"landing\":\"/uld\",\"error\":\"/err\",\"staging\":\"/stg\",\"log\":\"/log\",\"raw\":\"/raw\",\"archive\":\"/ach\"},\"systems\":{\"raw\":\"usr\"}}\n\ndatabricks= {\"raw\":{\"notebook\":{\"folder\":\"/KEYRUS/dev/raw/usr/oba\",\"file\":\"org_raw_prm_cod_detalhamento_negocio_x_cr\"}}}\n",
		"activities": [
			{
				"name": "adf_run_pipeline",
				"description": "Calls worker ADF and waits for execution completion",
				"type": "ExecutePipeline",
				"dependsOn": [],
				"policy": {
					"secureInput": false
				},
				"userProperties": [],
				"typeProperties": {
					"pipeline": {
						"referenceName": "adf_worker__0__run_pipeline",
						"type": "PipelineReference"
					},
					"waitOnCompletion": true,
					"parameters": {
						"env": {
							"value": "@pipeline().parameters.env",
							"type": "Expression"
						},
						"pipeline_params": {
							"value": "@json(concat('{\"env\": ',string(pipeline().parameters.env),',\"files\": ',string(pipeline().parameters.files),',\"databricks\": ',string(pipeline().parameters.databricks),',\"adf\": ',string(pipeline().parameters.adf),'}'))",
							"type": "Expression"
						}
					}
				}
			}
		],
		"concurrency": 4,
		"parameters": {
			"files": {
				"type": "array"
			},
			"databricks": {
				"type": "object"
			},
			"adf": {
				"type": "object"
			},
			"env": {
				"type": "object",
				"defaultValue": {
					"env": "dev"
				}
			}
		},
		"variables": {
			"uld_relative_path": {
				"type": "String",
				"defaultValue": "raw/usr"
			},
			"notebook_path": {
				"type": "String"
			},
			"dls": {
				"type": "String"
			},
			"container": {
				"type": "String"
			},
			"storage_url": {
				"type": "String"
			},
			"archive": {
				"type": "String"
			},
			"function_code_secret_name": {
				"type": "String"
			},
			"function_name": {
				"type": "String",
				"defaultValue": "RawControl"
			}
		},
		"folder": {
			"name": "templates/raw/uld"
		},
		"annotations": []
	},
	"type": "Microsoft.DataFactory/factories/pipelines"
}