{
	"name": "org_raw_ibge_pib_municipios",
	"properties": {
		"description": "67 - IBGE - PIB MUNICÍPIOS",
		"activities": [
			{
				"name": "import_uld_files__0__wrapper",
				"type": "ExecutePipeline",
				"dependsOn": [],
				"userProperties": [],
				"typeProperties": {
					"pipeline": {
						"referenceName": "import_uld_files__0__wrapper",
						"type": "PipelineReference"
					},
					"waitOnCompletion": true,
					"parameters": {
						"files": {
							"value": "@pipeline().parameters.files",
							"type": "Expression"
						},
						"databricks": {
							"value": "@pipeline().parameters.databricks",
							"type": "Expression"
						},
						"adf": {
							"value": "@json(concat('{\"adf_factory_name\": \"', pipeline().DataFactory, '\", \"adf_pipeline_name\": \"', pipeline().Pipeline, '\", \"adf_pipeline_run_id\": \"', pipeline().RunId, '\", \"adf_trigger_id\": \"', pipeline().TriggerId, '\", \"adf_trigger_name\": \"', pipeline().TriggerName, '\", \"adf_trigger_time\": \"', pipeline().TriggerTime, '\", \"adf_trigger_type\": \"', pipeline().TriggerType, '\"}'))",
							"type": "Expression"
						},
						"env": {
							"value": "@pipeline().parameters.env",
							"type": "Expression"
						}
					}
				}
			}
		],
		"concurrency": 1,
		"parameters": {
			"databricks": {
				"type": "object",
				"defaultValue": {
					"notebook": "fiesc/ibge/pib_mun/org_raw_ibge_pib_municipios"
				}
			},
			"files": {
				"type": "array",
				"defaultValue": [
					"{'namespace':'fiesc','file_folder':'ibge/pib/municipios/5938_BR','extension':'parquet','column_delimiter':';','encoding':'UTF-8','null_value':'','schema':[{'file_source': 'string', 'cd_nivel_territorio': 'string', 'nm_nivel_territorio': 'string', 'cd_unidade_medida': 'string', 'nm_unidade_medida': 'string', 'nu_valor': 'bigint', 'cd_regiao': 'string', 'nm_regiao': 'string', 'cd_variavel': 'string', 'nm_variavel': 'string', 'cd_ano': 'string', 'nu_ano': 'string', 'dt_atualizacao': 'timestamp'}]"
				]
			},
			"env": {
				"type": "object",
				"defaultValue": {
					"env": "dev"
				}
			}
		},
		"folder": {
			"name": "raw/usr/fiesc/ibge/pib/mun"
		},
		"annotations": []
	}
}