{
	"name": "org_raw_aco_brasil_prod_aco_nacional",
	"properties": {
		"description": "This pipeline loads data from crawler, there's no partitioning and it reads from 'lnd'\n\nParameters for DEV are:\n\ntables = [\"{'schema': 'aco_brasil','table': 'prod_aco_nacional'}\"]\n\ndls = {\"folders\":{\"landing\":\"/tmp/dev/lnd\",\"error\":\"/tmp/lnd/err\",\"staging\":\"/tmp/dev/stg\",\"log\":\"/tmp/dev/log\",\"raw\":\"/tmp/dev/raw\",\"archive\":\"/tmp/dev/ach\"}}\n\nwatermark ={\"raw\":{\"notebook\":{\"folder\":\"/KEYRUS/dev/raw/crw/ibge__pintec_bio_nano\",\"file\":\"org_raw_aco_brasil_prod_aco_nacional\"}}}\n",
		"activities": [
			{
				"name": "import_crw__0__switch_env",
				"description": "",
				"type": "ExecutePipeline",
				"dependsOn": [],
				"userProperties": [],
				"typeProperties": {
					"pipeline": {
						"referenceName": "import_crw__0__switch_env",
						"type": "PipelineReference"
					},
					"waitOnCompletion": true,
					"parameters": {
						"env": {
							"value": "@pipeline().parameters.env",
							"type": "Expression"
						},
						"adf": {
							"value": "@json(concat('{\"adf_factory_name\": \"', pipeline().DataFactory, '\", \"adf_pipeline_name\": \"', pipeline().Pipeline, '\", \"adf_pipeline_run_id\": \"', pipeline().RunId, '\",  \"adf_trigger_id\": \"', pipeline().TriggerId, '\", \"adf_trigger_name\": \"', pipeline().TriggerName, '\", \"adf_trigger_time\": \"', pipeline().TriggerTime, '\",  \"adf_trigger_type\": \"', pipeline().TriggerType, '\"}'))",
							"type": "Expression"
						},
						"tables": {
							"value": "@pipeline().parameters.tables",
							"type": "Expression"
						},
						"databricks": {
							"value": "@pipeline().parameters.databricks",
							"type": "Expression"
						}
					}
				}
			}
		],
		"parameters": {
			"tables": {
				"type": "object",
				"defaultValue": {
					"schema": "aco_brasil",
					"table": "prod_aco_nacional",
					"area": "oni",
					"prm_path": "/usr/aco_brasil_prod_aco_nacional/FIEC_aco_brasil_prod_aco_nacional_mapeamento_unificado_raw.xlsx",
					"raw_path": "siderurgia/prod_aco_nacional",
					"sheet_name": "prod_aco_nacional"
				}
			},
			"databricks": {
				"type": "object",
				"defaultValue": {
					"notebook": "/oni/aco_brasil/org_raw_aco_brasil_prod_aco_nacional"
				}
			},
			"env": {
				"type": "object",
				"defaultValue": {
					"env": "dev"
				}
			}
		},
		"folder": {
			"name": "raw/crw/oni/aco_brasil"
		},
		"annotations": []
	}
}