{
	"name": "org_raw_fundos_constitucionais",
	"properties": {
		"activities": [
			{
				"name": "import_uld_files__0__wrapper",
				"type": "ExecutePipeline",
				"dependsOn": [],
				"policy": {
					"secureInput": false
				},
				"userProperties": [],
				"typeProperties": {
					"pipeline": {
						"referenceName": "import_uld_files__0__wrapper",
						"type": "PipelineReference"
					},
					"waitOnCompletion": true,
					"parameters": {
						"files": {
							"value": "@pipeline().parameters.files",
							"type": "Expression"
						},
						"databricks": {
							"value": "@pipeline().parameters.databricks",
							"type": "Expression"
						},
						"adf": {
							"value": "@json(concat('{\"adf_factory_name\": \"', pipeline().DataFactory, '\", \"adf_pipeline_name\": \"', pipeline().Pipeline, '\", \"adf_pipeline_run_id\": \"', pipeline().RunId, '\", \"adf_trigger_id\": \"', pipeline().TriggerId, '\", \"adf_trigger_name\": \"', pipeline().TriggerName, '\", \"adf_trigger_time\": \"', pipeline().TriggerTime, '\", \"adf_trigger_type\": \"', pipeline().TriggerType, '\"}'))",
							"type": "Expression"
						},
						"env": {
							"value": "@pipeline().parameters.env",
							"type": "Expression"
						}
					}
				}
			}
		],
		"parameters": {
			"databricks": {
				"type": "object",
				"defaultValue": {
					"notebook": "oni/midr/dados_fundos_constitucionais/org_raw_fundos_constitucionais"
				}
			},
			"files": {
				"type": "array",
				"defaultValue": [
					"{'namespace':'/oni', 'file_folder':'/midr', 'file_subfolder':'/dados_fundos_constitucionais/', 'raw_path':'/usr/oni/midr/', 'prm_path': '', 'extension':'csv','column_delimiter':';','encoding':'utf-8','null_value':''}"
				]
			},
			"env": {
				"type": "object",
				"defaultValue": {
					"env": "dev"
				}
			}
		},
		"folder": {
			"name": "raw/usr/oni/midr/dados_fundos_constitucionais"
		},
		"annotations": []
	}
}