{
	"name": "org_raw_faixa_etaria",
	"properties": {
		"description": "Table ingestion tam_estabelecimento",
		"activities": [
			{
				"name": "import_uld_files__0__wrapper",
				"type": "ExecutePipeline",
				"dependsOn": [],
				"userProperties": [],
				"typeProperties": {
					"pipeline": {
						"referenceName": "import_uld_files__0__wrapper",
						"type": "PipelineReference"
					},
					"waitOnCompletion": true,
					"parameters": {
						"files": {
							"value": "@pipeline().parameters.files",
							"type": "Expression"
						},
						"databricks": {
							"value": "@pipeline().parameters.databricks",
							"type": "Expression"
						},
						"adf": {
							"value": "@json(concat('{\"adf_factory_name\": \"', pipeline().DataFactory, '\", \"adf_pipeline_name\": \"', pipeline().Pipeline, '\", \"adf_pipeline_run_id\": \"', pipeline().RunId, '\", \"adf_trigger_id\": \"', pipeline().TriggerId, '\", \"adf_trigger_name\": \"', pipeline().TriggerName, '\", \"adf_trigger_time\": \"', pipeline().TriggerTime, '\", \"adf_trigger_type\": \"', pipeline().TriggerType, '\"}'))",
							"type": "Expression"
						},
						"env": {
							"value": "@pipeline().parameters.env",
							"type": "Expression"
						}
					}
				}
			}
		],
		"parameters": {
			"databricks": {
				"type": "object",
				"defaultValue": {
					"notebook": "oni/bases_do_projeto/painel_dos_estados/org_raw_import_table"
				}
			},
			"files": {
				"type": "array",
				"defaultValue": [
					"{'namespace':'oni','file_folder':'bases_do_projeto/painel_dos_estados/faixa_etaria/','file_destination':'bases_do_projeto/painel_dos_estados/faixa_etaria','extension':'csv','column_delimiter':';','encoding':'UTF-8','null_value':''}"
				]
			},
			"env": {
				"type": "object",
				"defaultValue": {
					"env": "dev"
				}
			}
		},
		"folder": {
			"name": "raw/usr/oni/bases_do_projeto/painel_dos_estados"
		},
		"annotations": []
	}
}