{
	"name": "org_raw_cat_relacao_sh4_nivel_fator",
	"properties": {
		"activities": [
			{
				"name": "import_uld_files__0__wrapper",
				"type": "ExecutePipeline",
				"dependsOn": [],
				"policy": {
					"secureInput": false
				},
				"userProperties": [],
				"typeProperties": {
					"pipeline": {
						"referenceName": "import_uld_files__0__wrapper",
						"type": "PipelineReference"
					},
					"waitOnCompletion": true,
					"parameters": {
						"files": {
							"value": "@pipeline().parameters.files",
							"type": "Expression"
						},
						"databricks": {
							"value": "@pipeline().parameters.databricks",
							"type": "Expression"
						},
						"adf": {
							"value": "@json(concat('{\"adf_factory_name\": \"', pipeline().DataFactory, '\", \"adf_pipeline_name\": \"', pipeline().Pipeline, '\", \"adf_pipeline_run_id\": \"', pipeline().RunId, '\", \"adf_trigger_id\": \"', pipeline().TriggerId, '\", \"adf_trigger_name\": \"', pipeline().TriggerName, '\", \"adf_trigger_time\": \"', pipeline().TriggerTime, '\", \"adf_trigger_type\": \"', pipeline().TriggerType, '\"}'))",
							"type": "Expression"
						},
						"env": {
							"value": "@pipeline().parameters.env",
							"type": "Expression"
						}
					}
				}
			}
		],
		"concurrency": 1,
		"parameters": {
			"databricks": {
				"type": "object",
				"defaultValue": {
					"notebook": "/oni/bases_do_projeto/quick_wins/org_raw_cat_relacao_sh4_nivel_fator"
				}
			},
			"files": {
				"type": "array",
				"defaultValue": [
					"{'namespace':'', 'file_folder':'fiec/quickwins/CAT_RELACAO_SH4_NIVEL_FATOR_D/', 'data_file':'', 'extension':'parquet', 'column_delimiter':'', 'encoding':'', 'null_value':'',  'raw_path': 'oni/bases_do_projeto/quick_wins/cat_relacao_sh4_nivel_fator'}"
				]
			},
			"env": {
				"type": "object",
				"defaultValue": {
					"env": "dev"
				}
			},
			"tables": {
				"type": "object"
			}
		},
		"folder": {
			"name": "raw/usr/oni/bases_do_projeto/quick_wins"
		},
		"annotations": []
	}
}