{
	"name": "org_raw_ibge_pintec_n_grau_obst_cnae",
	"properties": {
		"description": "\n",
		"activities": [
			{
				"name": "import_crw__0__switch_env",
				"description": "",
				"type": "ExecutePipeline",
				"dependsOn": [],
				"policy": {
					"secureInput": false
				},
				"userProperties": [],
				"typeProperties": {
					"pipeline": {
						"referenceName": "import_crw__0__switch_env",
						"type": "PipelineReference"
					},
					"waitOnCompletion": true,
					"parameters": {
						"env": {
							"value": "@pipeline().parameters.env",
							"type": "Expression"
						},
						"adf": {
							"value": "@json(concat('{\"adf_factory_name\": \"', pipeline().DataFactory, '\", \"adf_pipeline_name\": \"', pipeline().Pipeline, '\", \"adf_pipeline_run_id\": \"', pipeline().RunId, '\",  \"adf_trigger_id\": \"', pipeline().TriggerId, '\", \"adf_trigger_name\": \"', pipeline().TriggerName, '\", \"adf_trigger_time\": \"', pipeline().TriggerTime, '\",  \"adf_trigger_type\": \"', pipeline().TriggerType, '\"}'))",
							"type": "Expression"
						},
						"tables": {
							"value": "@pipeline().parameters.tables",
							"type": "Expression"
						},
						"databricks": {
							"value": "@pipeline().parameters.databricks",
							"type": "Expression"
						}
					}
				}
			},
			{
				"name": "alerta_falha",
				"type": "ExecutePipeline",
				"dependsOn": [
					{
						"activity": "import_crw__0__switch_env",
						"dependencyConditions": [
							"Failed"
						]
					}
				],
				"policy": {
					"secureInput": false
				},
				"userProperties": [],
				"typeProperties": {
					"pipeline": {
						"referenceName": "send_email",
						"type": "PipelineReference"
					},
					"waitOnCompletion": true,
					"parameters": {
						"email_users": {
							"value": "@array('monitoramento_observatorio@cni.com.br')",
							"type": "Expression"
						},
						"email_groups": {
							"value": "@array('')",
							"type": "Expression"
						},
						"adf": {
							"value": "@json(concat('{\"adf_factory_name\": \"', pipeline().DataFactory, '\", \"adf_pipeline_name\": \"', pipeline().Pipeline, '\", \"adf_pipeline_run_id\": \"', pipeline().RunId, '\",  \"adf_trigger_id\": \"', pipeline().TriggerId, '\", \"adf_trigger_name\": \"', pipeline().TriggerName, '\", \"adf_trigger_time\": \"', pipeline().TriggerTime, '\",  \"adf_trigger_type\": \"', pipeline().TriggerType, '\"}'))",
							"type": "Expression"
						},
						"env": {
							"value": "@pipeline().parameters.env",
							"type": "Expression"
						}
					}
				}
			}
		],
		"parameters": {
			"tables": {
				"type": "object",
				"defaultValue": {
					"schema": "ibge",
					"table": "pintec_n_grau_obst_cnae",
					"prm_path": "usr/ibge_pintec/FIEC_IBGE_pintec_n_grau_obst_cnae_mapeamento_unificado_para_correcao_raw_.xlsx",
					"source": "crw/oni/ibge/pintec/n_grau_obst/n_grau_obst_cnae/",
					"destination": "oni/ibge/pintec/n_grau_obst/n_grau_obst_cnae/"
				}
			},
			"databricks": {
				"type": "object",
				"defaultValue": {
					"notebook": "/ibge/pintec/org_raw_pintec_n_grau_obst_cnae"
				}
			},
			"env": {
				"type": "object",
				"defaultValue": {
					"env": "dev"
				}
			}
		},
		"folder": {
			"name": "raw/crw/ibge"
		},
		"annotations": []
	}
}