{
	"name": "org_raw_bacen_77_bacen_expec_prod_ind",
	"properties": {
		"description": "77 - Banco Central - Expectativas para Produção Industrial",
		"activities": [
			{
				"name": "import_uld_files__0__wrapper",
				"type": "ExecutePipeline",
				"dependsOn": [],
				"userProperties": [],
				"typeProperties": {
					"pipeline": {
						"referenceName": "import_uld_files__0__wrapper",
						"type": "PipelineReference"
					},
					"waitOnCompletion": true,
					"parameters": {
						"files": {
							"value": "@pipeline().parameters.files",
							"type": "Expression"
						},
						"databricks": {
							"value": "@pipeline().parameters.databricks",
							"type": "Expression"
						},
						"adf": {
							"value": "@json(concat('{\"adf_factory_name\": \"', pipeline().DataFactory, '\", \"adf_pipeline_name\": \"', pipeline().Pipeline, '\", \"adf_pipeline_run_id\": \"', pipeline().RunId, '\", \"adf_trigger_id\": \"', pipeline().TriggerId, '\", \"adf_trigger_name\": \"', pipeline().TriggerName, '\", \"adf_trigger_time\": \"', pipeline().TriggerTime, '\", \"adf_trigger_type\": \"', pipeline().TriggerType, '\"}'))",
							"type": "Expression"
						},
						"env": {
							"value": "@pipeline().parameters.env",
							"type": "Expression"
						}
					}
				}
			}
		],
		"concurrency": 1,
		"parameters": {
			"databricks": {
				"type": "object",
				"defaultValue": {
					"notebook": "fiesc/bacen/exp_prod_ind/org_raw_bacen_expec_prod_ind"
				}
			},
			"files": {
				"type": "array",
				"defaultValue": [
					"{'namespace':'fiesc','file_folder':'bacen/expec_prod_ind','extension':'parquet','column_delimiter':';','encoding':'UTF-8','null_value':'','schema':[{'nm_indicador': 'string', 'dt_data': 'date', 'nu_data_referencia': 'string', 'nu_media': 'double', 'nu_mediana': 'double', 'nu_desvio_padrao': 'double', 'nu_minimo': 'double', 'nu_maximo': 'double', 'nu_respondentes': 'bigint', 'cd_base_calculo': 'bigint'}]"
				]
			},
			"env": {
				"type": "object",
				"defaultValue": {
					"env": "dev"
				}
			}
		},
		"folder": {
			"name": "raw/usr/fiesc/bacen/exp_prod_ind"
		},
		"annotations": []
	}
}