{
	"name": "org_raw_ibge_sidra_is_sidra_pia",
	"properties": {
		"description": "66 - IBGE/SIDRA - Pesquisa Industrial Anual - PIA - Empresa",
		"activities": [
			{
				"name": "import_uld_files__0__wrapper",
				"type": "ExecutePipeline",
				"dependsOn": [],
				"userProperties": [],
				"typeProperties": {
					"pipeline": {
						"referenceName": "import_uld_files__0__wrapper",
						"type": "PipelineReference"
					},
					"waitOnCompletion": true,
					"parameters": {
						"files": {
							"value": "@pipeline().parameters.files",
							"type": "Expression"
						},
						"databricks": {
							"value": "@pipeline().parameters.databricks",
							"type": "Expression"
						},
						"adf": {
							"value": "@json(concat('{\"adf_factory_name\": \"', pipeline().DataFactory, '\", \"adf_pipeline_name\": \"', pipeline().Pipeline, '\", \"adf_pipeline_run_id\": \"', pipeline().RunId, '\", \"adf_trigger_id\": \"', pipeline().TriggerId, '\", \"adf_trigger_name\": \"', pipeline().TriggerName, '\", \"adf_trigger_time\": \"', pipeline().TriggerTime, '\", \"adf_trigger_type\": \"', pipeline().TriggerType, '\"}'))",
							"type": "Expression"
						},
						"env": {
							"value": "@pipeline().parameters.env",
							"type": "Expression"
						}
					}
				}
			}
		],
		"concurrency": 1,
		"parameters": {
			"databricks": {
				"type": "object",
				"defaultValue": {
					"notebook": "fiesc/ibge/sidra/pia/org_raw_ibge_sidra_pia"
				}
			},
			"files": {
				"type": "array",
				"defaultValue": [
					"{'namespace':'fiesc','file_folder':'sidra/1849_FATO','extension':'parquet','column_delimiter':';','encoding':'UTF-8','null_value':'','schema':[{'file_source': 'string', 'cd_uf': 'bigint', 'uf': 'string', 'cd_variavel': 'bigint', 'variavel': 'string', 'cd_ano': 'bigint', 'ano': 'string', 'cd_cnae_2_0': 'bigint', 'cnae_2_0': 'string', 'cd_unidade_medida': 'bigint', 'unidade_medida': 'string', 'cd_nivel_territorial': 'bigint', 'nivel_territorial': 'string', 'Valor': 'double', 'dt_atualizacao': 'timestamp'}]"
				]
			},
			"env": {
				"type": "object",
				"defaultValue": {
					"env": "dev"
				}
			}
		},
		"folder": {
			"name": "raw/usr/fiesc/ibge/sidra/pia"
		},
		"annotations": []
	}
}