{
	"name": "org_raw_ibge_pintec_prod_proc_disp_pd_po",
	"properties": {
		"activities": [
			{
				"name": "import_crw__0__switch_env",
				"type": "ExecutePipeline",
				"dependsOn": [],
				"userProperties": [],
				"typeProperties": {
					"pipeline": {
						"referenceName": "import_crw__0__switch_env",
						"type": "PipelineReference"
					},
					"waitOnCompletion": true,
					"parameters": {
						"env": {
							"value": "@pipeline().parameters.env",
							"type": "Expression"
						},
						"adf": {
							"value": "@json(concat('{\"adf_factory_name\": \"', pipeline().DataFactory, '\", \"adf_pipeline_name\": \"', pipeline().Pipeline, '\", \"adf_pipeline_run_id\": \"', pipeline().RunId, '\",  \"adf_trigger_id\": \"', pipeline().TriggerId, '\", \"adf_trigger_name\": \"', pipeline().TriggerName, '\", \"adf_trigger_time\": \"', pipeline().TriggerTime, '\",  \"adf_trigger_type\": \"', pipeline().TriggerType, '\"}'))",
							"type": "Expression"
						},
						"tables": {
							"value": "@pipeline().parameters.tables",
							"type": "Expression"
						},
						"databricks": {
							"value": "@pipeline().parameters.databricks",
							"type": "Expression"
						}
					}
				}
			},
			{
				"name": "pipeline_has_failed",
				"description": "Errors found during execution. This pipeline has failed.",
				"type": "Fail",
				"dependsOn": [
					{
						"activity": "alerta_falha",
						"dependencyConditions": [
							"Succeeded"
						]
					}
				],
				"userProperties": [],
				"typeProperties": {
					"message": "Pipeline failed",
					"errorCode": "1"
				}
			},
			{
				"name": "alerta_falha",
				"type": "ExecutePipeline",
				"dependsOn": [
					{
						"activity": "import_crw__0__switch_env",
						"dependencyConditions": [
							"Failed"
						]
					}
				],
				"userProperties": [],
				"typeProperties": {
					"pipeline": {
						"referenceName": "send_email",
						"type": "PipelineReference"
					},
					"waitOnCompletion": true,
					"parameters": {
						"email_users": {
							"value": "@array('monitoramento_observatorio@cni.com.br')",
							"type": "Expression"
						},
						"email_groups": {
							"value": "@array('')",
							"type": "Expression"
						},
						"adf": {
							"value": "@json(concat('{\"adf_factory_name\": \"', pipeline().DataFactory, '\", \"adf_pipeline_name\": \"', pipeline().Pipeline, '\", \"adf_pipeline_run_id\": \"', pipeline().RunId, '\",  \"adf_trigger_id\": \"', pipeline().TriggerId, '\", \"adf_trigger_name\": \"', pipeline().TriggerName, '\", \"adf_trigger_time\": \"', pipeline().TriggerTime, '\",  \"adf_trigger_type\": \"', pipeline().TriggerType, '\"}'))",
							"type": "Expression"
						},
						"env": {
							"value": "@pipeline().parameters.env",
							"type": "Expression"
						}
					}
				}
			}
		],
		"parameters": {
			"tables": {
				"type": "object",
				"defaultValue": {
					"schema": "ibge",
					"table": "pintec_prod_proc_disp_pd_po",
					"oni": "oni",
					"fonte": "ibge",
					"base": "pintec",
					"schema_raw": "prod_proc_disp_pd",
					"table_raw": "prod_proc_disp_pd_po",
					"prm_path": "/prm/usr/ibge_pintec/FIEC_IBGE_pintec_prod_proc_disp_pd_po_mapeamento_unificado_raw.xlsx"
				}
			},
			"databricks": {
				"type": "object",
				"defaultValue": {
					"notebook": "/oni/ibge/pintec/org_raw_ibge_pintec_prod_proc_disp_pd_po"
				}
			},
			"env": {
				"type": "object",
				"defaultValue": {
					"env": "dev"
				}
			}
		},
		"folder": {
			"name": "raw/crw/oni/ibge/pintec"
		},
		"annotations": []
	}
}