{
	"name": "org_raw_empresas_base_nacional_industriais",
	"properties": {
		"description": "Paramas for system OBA, implemented via user updated files.",
		"activities": [
			{
				"name": "import_uld_files__0__wrapper",
				"type": "ExecutePipeline",
				"dependsOn": [],
				"policy": {
					"secureInput": false
				},
				"userProperties": [],
				"typeProperties": {
					"pipeline": {
						"referenceName": "import_uld_files__0__wrapper",
						"type": "PipelineReference"
					},
					"waitOnCompletion": true,
					"parameters": {
						"files": {
							"value": "@pipeline().parameters.files",
							"type": "Expression"
						},
						"databricks": {
							"value": "@pipeline().parameters.databricks",
							"type": "Expression"
						},
						"adf": {
							"value": "@json(concat('{\"adf_factory_name\": \"', pipeline().DataFactory, '\", \"adf_pipeline_name\": \"', pipeline().Pipeline, '\", \"adf_pipeline_run_id\": \"', pipeline().RunId, '\", \"adf_trigger_id\": \"', pipeline().TriggerId, '\", \"adf_trigger_name\": \"', pipeline().TriggerName, '\", \"adf_trigger_time\": \"', pipeline().TriggerTime, '\", \"adf_trigger_type\": \"', pipeline().TriggerType, '\"}'))",
							"type": "Expression"
						},
						"env": {
							"value": "@pipeline().parameters.env",
							"type": "Expression"
						}
					}
				}
			}
		],
		"concurrency": 1,
		"parameters": {
			"databricks": {
				"type": "object",
				"defaultValue": {
					"notebook": "/oni/empresas_base_nacional_industriais/org_raw_empresas_base_nacional_industriais"
				}
			},
			"files": {
				"type": "array",
				"defaultValue": [
					"{'namespace':'/oni', 'file_folder':'/empresas_base_nacional_industriais/',          'file_subfolder':'', 'file_name_xlsx':'', 'sheet_name':'',         'raw_path':'/usr/oni/empresas_base_nacional_industriais/',         'prm_path': '',          'extension':'csv','column_delimiter':'','encoding':'iso-8859-1','null_value':''}"
				]
			},
			"env": {
				"type": "object",
				"defaultValue": {
					"env": "dev"
				}
			}
		},
		"folder": {
			"name": "raw/usr/oni/empresas_base_nacional_industriais"
		},
		"annotations": []
	}
}