{
	"name": "org_raw_87_IBGE_pmc",
	"properties": {
		"description": "87_IBGE_pesquisa_mensal_do_Comercio",
		"activities": [
			{
				"name": "import_uld_files__0__wrapper",
				"type": "ExecutePipeline",
				"dependsOn": [],
				"userProperties": [],
				"typeProperties": {
					"pipeline": {
						"referenceName": "import_uld_files__0__wrapper",
						"type": "PipelineReference"
					},
					"waitOnCompletion": true,
					"parameters": {
						"files": {
							"value": "@pipeline().parameters.files",
							"type": "Expression"
						},
						"databricks": {
							"value": "@pipeline().parameters.databricks",
							"type": "Expression"
						},
						"adf": {
							"value": "@json(concat('{\"adf_factory_name\": \"', pipeline().DataFactory, '\", \"adf_pipeline_name\": \"', pipeline().Pipeline, '\", \"adf_pipeline_run_id\": \"', pipeline().RunId, '\", \"adf_trigger_id\": \"', pipeline().TriggerId, '\", \"adf_trigger_name\": \"', pipeline().TriggerName, '\", \"adf_trigger_time\": \"', pipeline().TriggerTime, '\", \"adf_trigger_type\": \"', pipeline().TriggerType, '\"}'))",
							"type": "Expression"
						},
						"env": {
							"value": "@pipeline().parameters.env",
							"type": "Expression"
						}
					}
				}
			}
		],
		"concurrency": 1,
		"parameters": {
			"databricks": {
				"type": "object",
				"defaultValue": {
					"notebook": "/fiesc/ibge/pmc/org_raw_ibge_pmc"
				}
			},
			"files": {
				"type": "array",
				"defaultValue": [
					"{'namespace':'fiesc','file_folder':'ibge/pesq_men_com/8188_BR/','extension':'parquet','column_delimiter':';','encoding':'UTF-8','null_value':'','schema':[{'file_source': 'string', 'cd_nivel_territorial': 'string', 'nivel_territorial': 'string', 'cd_unidade_medida': 'string', 'nm_unidade_medida': 'string', 'nu_valor': 'string', 'cd_brasil': 'string', 'nm_brasil': 'string', 'cd_variavel': 'string', 'nm_variavel': 'string', 'cd_mes': 'string', 'nm_mes': 'string', 'cd_tipo_indice': 'string', 'nm_tipo_indice': 'string', 'cd_atividades': 'string', 'nm_atividades': 'string', 'dt_atualizacao': 'timestamp'}]"
				]
			},
			"env": {
				"type": "object",
				"defaultValue": {
					"env": "dev"
				}
			}
		},
		"folder": {
			"name": "raw/usr/fiesc/ibge/pmc"
		},
		"annotations": []
	}
}