{
	"name": "org_raw_inep_censo_escolar_escola_consolidada",
	"properties": {
		"description": "Paramas for system OBA, implemented via user updated files.",
		"activities": [
			{
				"name": "import_uld_files__0__wrapper",
				"type": "ExecutePipeline",
				"dependsOn": [],
				"policy": {
					"secureInput": false
				},
				"userProperties": [],
				"typeProperties": {
					"pipeline": {
						"referenceName": "import_uld_files__0__wrapper",
						"type": "PipelineReference"
					},
					"waitOnCompletion": true,
					"parameters": {
						"files": {
							"value": "@pipeline().parameters.files",
							"type": "Expression"
						},
						"databricks": {
							"value": "@pipeline().parameters.databricks",
							"type": "Expression"
						},
						"adf": {
							"value": "@json(concat('{\"adf_factory_name\": \"', pipeline().DataFactory, '\", \"adf_pipeline_name\": \"', pipeline().Pipeline, '\", \"adf_pipeline_run_id\": \"', pipeline().RunId, '\", \"adf_trigger_id\": \"', pipeline().TriggerId, '\", \"adf_trigger_name\": \"', pipeline().TriggerName, '\", \"adf_trigger_time\": \"', pipeline().TriggerTime, '\", \"adf_trigger_type\": \"', pipeline().TriggerType, '\"}'))",
							"type": "Expression"
						},
						"env": {
							"value": "@pipeline().parameters.env",
							"type": "Expression"
						}
					}
				}
			}
		],
		"concurrency": 1,
		"parameters": {
			"databricks": {
				"type": "object",
				"defaultValue": {
					"notebook": "/oni/inep/censo_escolar/org_raw_inep_censo_escolar_escola_consolidada"
				}
			},
			"files": {
				"type": "array",
				"defaultValue": [
					"{'namespace':'oni','file_folder':'inep/censo_escolar/escola_consolidada/','data_file':'microdados_ed_basica_*.csv','extension':'csv','column_delimiter':';','encoding':'cp1252','null_value':'', 'raw_path': 'inep/censo_escolar/nova_estrutura/escola_consolidada/', 'prm_path': 'inep/censo_escolar/escola_consolidada/FIEC_inep_censo_escolar_nova_estrutura_escola_consolidada_raw.xlsx'}"
				]
			},
			"env": {
				"type": "object",
				"defaultValue": {
					"env": "dev"
				}
			}
		},
		"folder": {
			"name": "raw/usr/oni/inep/censo_escolar/escola_consolidada/"
		},
		"annotations": []
	}
}