{
	"name": "org_raw_camara_dep_dados_abertos_frentes_parlamentares_deputados",
	"properties": {
		"description": "\n",
		"activities": [
			{
				"name": "import_crw__0__switch_env",
				"description": "",
				"type": "ExecutePipeline",
				"dependsOn": [],
				"userProperties": [],
				"typeProperties": {
					"pipeline": {
						"referenceName": "import_crw__0__switch_env",
						"type": "PipelineReference"
					},
					"waitOnCompletion": true,
					"parameters": {
						"env": {
							"value": "@pipeline().parameters.env",
							"type": "Expression"
						},
						"adf": {
							"value": "@json(concat('{\"adf_factory_name\": \"', pipeline().DataFactory, '\", \"adf_pipeline_name\": \"', pipeline().Pipeline, '\", \"adf_pipeline_run_id\": \"', pipeline().RunId, '\",  \"adf_trigger_id\": \"', pipeline().TriggerId, '\", \"adf_trigger_name\": \"', pipeline().TriggerName, '\", \"adf_trigger_time\": \"', pipeline().TriggerTime, '\",  \"adf_trigger_type\": \"', pipeline().TriggerType, '\"}'))",
							"type": "Expression"
						},
						"tables": {
							"value": "@pipeline().parameters.tables",
							"type": "Expression"
						},
						"databricks": {
							"value": "@pipeline().parameters.databricks",
							"type": "Expression"
						}
					}
				}
			},
			{
				"name": "alerta_falha",
				"type": "ExecutePipeline",
				"dependsOn": [
					{
						"activity": "import_crw__0__switch_env",
						"dependencyConditions": [
							"Failed"
						]
					}
				],
				"userProperties": [],
				"typeProperties": {
					"pipeline": {
						"referenceName": "send_email",
						"type": "PipelineReference"
					},
					"waitOnCompletion": true,
					"parameters": {
						"email_users": {
							"value": "@array('monitoramento_observatorio@cni.com.br')",
							"type": "Expression"
						},
						"email_groups": {
							"value": "@array('')",
							"type": "Expression"
						},
						"adf": {
							"value": "@json(concat('{\"adf_factory_name\": \"', pipeline().DataFactory, '\", \"adf_pipeline_name\": \"', pipeline().Pipeline, '\", \"adf_pipeline_run_id\": \"', pipeline().RunId, '\",  \"adf_trigger_id\": \"', pipeline().TriggerId, '\", \"adf_trigger_name\": \"', pipeline().TriggerName, '\", \"adf_trigger_time\": \"', pipeline().TriggerTime, '\",  \"adf_trigger_type\": \"', pipeline().TriggerType, '\"}'))",
							"type": "Expression"
						},
						"env": {
							"value": "@pipeline().parameters.env",
							"type": "Expression"
						}
					}
				}
			},
			{
				"name": "Fail",
				"type": "Fail",
				"dependsOn": [
					{
						"activity": "alerta_falha",
						"dependencyConditions": [
							"Succeeded",
							"Failed"
						]
					}
				],
				"userProperties": [],
				"typeProperties": {
					"message": {
						"value": "@concat('Falha na execução da pipeline ',pipeline().Pipeline)",
						"type": "Expression"
					},
					"errorCode": "500"
				}
			}
		],
		"parameters": {
			"tables": {
				"type": "object",
				"defaultValue": {
					"schema": "camara_dep",
					"table": "dados_abertos_frentes_parlamentares/deputados",
					"prm_path": "usr/oni/camara_dep/dados_abertos_frentes_parlamentares/FIEC_camara_dep_dados_abertos_frentes_parlamentares_raw.xlsx",
					"raw_path": "crw/oni/camara_dep/dados_abertos/frentes_parlamentares/"
				}
			},
			"databricks": {
				"type": "object",
				"defaultValue": {
					"notebook": "/oni/camara_dep/dados_abertos/org_raw_camara_dep_dados_abertos_frentes_parlamentares"
				}
			},
			"env": {
				"type": "object",
				"defaultValue": {
					"env": "dev"
				}
			}
		},
		"folder": {
			"name": "raw/crw/oni/camara_dep/dados_abertos/frentes_parlamentares"
		},
		"annotations": []
	}
}