{
	"name": "org_raw_geocod_ativos_patents",
	"properties": {
		"activities": [
			{
				"name": "import_uld_files__0__wrapper",
				"type": "ExecutePipeline",
				"dependsOn": [],
				"policy": {
					"secureInput": false
				},
				"userProperties": [],
				"typeProperties": {
					"pipeline": {
						"referenceName": "import_uld_files__0__wrapper",
						"type": "PipelineReference"
					},
					"waitOnCompletion": true,
					"parameters": {
						"files": {
							"value": "@pipeline().parameters.files",
							"type": "Expression"
						},
						"databricks": {
							"value": "@pipeline().parameters.databricks",
							"type": "Expression"
						},
						"adf": {
							"value": "@json(concat('{\"adf_factory_name\": \"', pipeline().DataFactory, '\", \"adf_pipeline_name\": \"', pipeline().Pipeline, '\", \"adf_pipeline_run_id\": \"', pipeline().RunId, '\", \"adf_trigger_id\": \"', pipeline().TriggerId, '\", \"adf_trigger_name\": \"', pipeline().TriggerName, '\", \"adf_trigger_time\": \"', pipeline().TriggerTime, '\", \"adf_trigger_type\": \"', pipeline().TriggerType, '\"}'))",
							"type": "Expression"
						},
						"env": {
							"value": "@pipeline().parameters.env",
							"type": "Expression"
						}
					}
				}
			}
		],
		"concurrency": 1,
		"parameters": {
			"databricks": {
				"type": "object",
				"defaultValue": {
					"notebook": "/oni/bases_do_projeto/atlas_da_inovacao/org_raw_geocod_ativos_patents"
				}
			},
			"files": {
				"type": "array",
				"defaultValue": [
					"{'namespace':'oni', 'file_folder':'bases_do_projeto/atlas_da_inovacao/geo_cod/ativos/fta_patentes', 'data_file':'fta_patentes.txt', 'extension':'txt', 'column_delimiter':'', 'encoding':'', 'null_value':'',  'raw_path': 'bases_do_projeto/atlas_da_inovacao/geo_cod/ativos/fta_patentes'}"
				]
			},
			"env": {
				"type": "object",
				"defaultValue": {
					"env": "dev"
				}
			},
			"tables": {
				"type": "object"
			}
		},
		"folder": {
			"name": "raw/usr/oni/bases_do_projeto/atlas_da_inovacao"
		},
		"annotations": []
	}
}