{
	"name": "org_raw_ibge_pop_projetada_txfecund",
	"properties": {
		"description": "This pipeline loads data from crawler, there's no partitioning and it reads from 'lnd'\n\nParameters for DEV are:\n\ntables = [\"{'schema': 'inep_censo_escolar__curso_educacao_profissional','table': 'curso_educacao_profissional'}\"]\n\ndls = {\"folders\":{\"landing\":\"/tmp/dev/lnd\",\"error\":\"/tmp/lnd/err\",\"staging\":\"/tmp/dev/stg\",\"log\":\"/tmp/dev/log\",\"raw\":\"/tmp/dev/raw\",\"archive\":\"/tmp/dev/ach\"}}\n\nwatermark ={\"raw\":{\"notebook\":{\"folder\":\"/KEYRUS/dev/raw/crw/inep_censo_escolar\",\"file\":\"org_raw_censo_educacao_profissional\"}}}\n",
		"activities": [
			{
				"name": "import_crw__0__switch_env",
				"description": "",
				"type": "ExecutePipeline",
				"dependsOn": [],
				"userProperties": [],
				"typeProperties": {
					"pipeline": {
						"referenceName": "import_crw__0__switch_env",
						"type": "PipelineReference"
					},
					"waitOnCompletion": true,
					"parameters": {
						"env": {
							"value": "@pipeline().parameters.env",
							"type": "Expression"
						},
						"adf": {
							"value": "@json(concat('{\"adf_factory_name\": \"', pipeline().DataFactory, '\", \"adf_pipeline_name\": \"', pipeline().Pipeline, '\", \"adf_pipeline_run_id\": \"', pipeline().RunId, '\",  \"adf_trigger_id\": \"', pipeline().TriggerId, '\", \"adf_trigger_name\": \"', pipeline().TriggerName, '\", \"adf_trigger_time\": \"', pipeline().TriggerTime, '\",  \"adf_trigger_type\": \"', pipeline().TriggerType, '\"}'))",
							"type": "Expression"
						},
						"tables": {
							"value": "@pipeline().parameters.tables",
							"type": "Expression"
						},
						"databricks": {
							"value": "@pipeline().parameters.databricks",
							"type": "Expression"
						}
					}
				}
			}
		],
		"parameters": {
			"tables": {
				"type": "object",
				"defaultValue": {
					"schema": "ibge",
					"table": "pop_projetada_txfecund",
					"area": "oni",
					"prm_path": "prm/usr/ibge_pop_projetada/FIEC_IBGE_pop_projetada_txfecund_mapeamento_unificado_raw.xlsx",
					"raw_path": "populacao/projetada/expectativa_txfecund",
					"sheet_name": "2018"
				}
			},
			"databricks": {
				"type": "object",
				"defaultValue": {
					"notebook": "/oni/ibge/populacao/projetada/org_raw_ibge_pop_projetada_txfecund"
				}
			},
			"env": {
				"type": "object",
				"defaultValue": {
					"env": "dev"
				}
			}
		},
		"folder": {
			"name": "raw/crw/oni/ibge/populacao/projetada"
		},
		"annotations": []
	}
}