{
	"name": "org_raw_71_mec_inep_cursos",
	"properties": {
		"description": "71 - MEC/INEP - Censo da Educação Superior\nCURSOS",
		"activities": [
			{
				"name": "import_uld_files__0__wrapper",
				"type": "ExecutePipeline",
				"dependsOn": [],
				"userProperties": [],
				"typeProperties": {
					"pipeline": {
						"referenceName": "import_uld_files__0__wrapper",
						"type": "PipelineReference"
					},
					"waitOnCompletion": true,
					"parameters": {
						"files": {
							"value": "@pipeline().parameters.files",
							"type": "Expression"
						},
						"databricks": {
							"value": "@pipeline().parameters.databricks",
							"type": "Expression"
						},
						"adf": {
							"value": "@json(concat('{\"adf_factory_name\": \"', pipeline().DataFactory, '\", \"adf_pipeline_name\": \"', pipeline().Pipeline, '\", \"adf_pipeline_run_id\": \"', pipeline().RunId, '\", \"adf_trigger_id\": \"', pipeline().TriggerId, '\", \"adf_trigger_name\": \"', pipeline().TriggerName, '\", \"adf_trigger_time\": \"', pipeline().TriggerTime, '\", \"adf_trigger_type\": \"', pipeline().TriggerType, '\"}'))",
							"type": "Expression"
						},
						"env": {
							"value": "@pipeline().parameters.env",
							"type": "Expression"
						}
					}
				}
			}
		],
		"concurrency": 1,
		"parameters": {
			"databricks": {
				"type": "object",
				"defaultValue": {
					"notebook": "/fiesc/mec/inep/org_raw_mec_inep_cursos_ies"
				}
			},
			"files": {
				"type": "array",
				"defaultValue": [
					"{'namespace':'fiesc','file_folder':'MEC/INEP/CENSO_ES/CURSOS','extension':'parquet','column_delimiter':';','encoding':'UTF-8','null_value':'','schema':[{'file_source': 'string', 'NU_ANO_CENSO': 'string', 'NO_REGIAO': 'string', 'CO_REGIAO': 'string', 'NO_UF': 'string', 'SG_UF': 'string', 'CO_UF': 'string', 'NO_MUNICIPIO': 'string', 'CO_MUNICIPIO': 'string', 'IN_CAPITAL': 'string', 'TP_DIMENSAO': 'string', 'TP_ORGANIZACAO_ACADEMICA': 'string', 'TP_CATEGORIA_ADMINISTRATIVA': 'string', 'TP_REDE': 'string', 'CO_IES': 'string', 'NO_CURSO': 'string', 'CO_CURSO': 'string', 'NO_CINE_ROTULO': 'string', 'CO_CINE_ROTULO': 'string', 'CO_CINE_AREA_GERAL': 'string', 'NO_CINE_AREA_GERAL': 'string', 'CO_CINE_AREA_ESPECIFICA': 'string', 'NO_CINE_AREA_ESPECIFICA': 'string', 'CO_CINE_AREA_DETALHADA': 'string', 'NO_CINE_AREA_DETALHADA': 'string', 'TP_GRAU_ACADEMICO': 'string', 'IN_GRATUITO': 'string', 'TP_MODALIDADE_ENSINO': 'string', 'TP_NIVEL_ACADEMICO': 'string', 'QT_CURSO': 'bigint', 'QT_VG_TOTAL': 'bigint', 'QT_VG_TOTAL_DIURNO': 'bigint', 'QT_VG_TOTAL_NOTURNO': 'bigint', 'QT_VG_TOTAL_EAD': 'bigint', 'QT_VG_NOVA': 'bigint', 'QT_VG_PROC_SELETIVO': 'bigint', 'QT_VG_REMANESC': 'bigint', 'QT_VG_PROG_ESPECIAL': 'bigint', 'QT_INSCRITO_TOTAL': 'bigint', 'QT_INSCRITO_TOTAL_DIURNO': 'bigint', 'QT_INSCRITO_TOTAL_NOTURNO': 'bigint', 'QT_INSCRITO_TOTAL_EAD': 'bigint', 'QT_INSC_VG_NOVA': 'bigint', 'QT_INSC_PROC_SELETIVO': 'bigint', 'QT_INSC_VG_REMANESC': 'bigint', 'QT_INSC_VG_PROG_ESPECIAL': 'bigint', 'QT_ING': 'bigint', 'QT_ING_FEM': 'bigint', 'QT_ING_MASC': 'bigint', 'QT_ING_DIURNO': 'bigint', 'QT_ING_NOTURNO': 'bigint', 'QT_ING_VG_NOVA': 'bigint', 'QT_ING_VESTIBULAR': 'bigint', 'QT_ING_ENEM': 'bigint', 'QT_ING_AVALIACAO_SERIADA': 'bigint', 'QT_ING_SELECAO_SIMPLIFICA': 'bigint', 'QT_ING_EGR': 'bigint', 'QT_ING_OUTRO_TIPO_SELECAO': 'bigint', 'QT_ING_PROC_SELETIVO': 'bigint', 'QT_ING_VG_REMANESC': 'bigint', 'QT_ING_VG_PROG_ESPECIAL': 'bigint', 'QT_ING_OUTRA_FORMA': 'bigint', 'QT_ING_0_17': 'bigint', 'QT_ING_18_24': 'bigint', 'QT_ING_25_29': 'bigint', 'QT_ING_30_34': 'bigint', 'QT_ING_35_39': 'bigint', 'QT_ING_40_49': 'bigint', 'QT_ING_50_59': 'bigint', 'QT_ING_60_MAIS': 'bigint', 'QT_ING_BRANCA': 'bigint', 'QT_ING_PRETA': 'bigint', 'QT_ING_PARDA': 'bigint', 'QT_ING_AMARELA': 'bigint', 'QT_ING_INDIGENA': 'bigint', 'QT_ING_CORND': 'bigint', 'QT_MAT': 'bigint', 'QT_MAT_FEM': 'bigint', 'QT_MAT_MASC': 'bigint', 'QT_MAT_DIURNO': 'bigint', 'QT_MAT_NOTURNO': 'bigint', 'QT_MAT_0_17': 'bigint', 'QT_MAT_18_24': 'bigint', 'QT_MAT_25_29': 'bigint', 'QT_MAT_30_34': 'bigint', 'QT_MAT_35_39': 'bigint', 'QT_MAT_40_49': 'bigint', 'QT_MAT_50_59': 'bigint', 'QT_MAT_60_MAIS': 'bigint', 'QT_MAT_BRANCA': 'bigint', 'QT_MAT_PRETA': 'bigint', 'QT_MAT_PARDA': 'bigint', 'QT_MAT_AMARELA': 'bigint', 'QT_MAT_INDIGENA': 'bigint', 'QT_MAT_CORND': 'bigint', 'QT_CONC': 'bigint', 'QT_CONC_FEM': 'bigint', 'QT_CONC_MASC': 'bigint', 'QT_CONC_DIURNO': 'bigint', 'QT_CONC_NOTURNO': 'bigint', 'QT_CONC_0_17': 'bigint', 'QT_CONC_18_24': 'bigint', 'QT_CONC_25_29': 'bigint', 'QT_CONC_30_34': 'bigint', 'QT_CONC_35_39': 'bigint', 'QT_CONC_40_49': 'bigint', 'QT_CONC_50_59': 'bigint', 'QT_CONC_60_MAIS': 'bigint', 'QT_CONC_BRANCA': 'bigint', 'QT_CONC_PRETA': 'bigint', 'QT_CONC_PARDA': 'bigint', 'QT_CONC_AMARELA': 'bigint', 'QT_CONC_INDIGENA': 'bigint', 'QT_CONC_CORND': 'bigint', 'QT_ING_NACBRAS': 'bigint', 'QT_ING_NACESTRANG': 'bigint', 'QT_MAT_NACBRAS': 'bigint', 'QT_MAT_NACESTRANG': 'bigint', 'QT_CONC_NACBRAS': 'bigint', 'QT_CONC_NACESTRANG': 'bigint', 'QT_ALUNO_DEFICIENTE': 'bigint', 'QT_ING_DEFICIENTE': 'bigint', 'QT_MAT_DEFICIENTE': 'bigint', 'QT_CONC_DEFICIENTE': 'bigint', 'QT_ING_FINANC': 'bigint', 'QT_ING_FINANC_REEMB': 'bigint', 'QT_ING_FIES': 'bigint', 'QT_ING_RPFIES': 'bigint', 'QT_ING_FINANC_REEMB_OUTROS': 'bigint', 'QT_ING_FINANC_NREEMB': 'bigint', 'QT_ING_PROUNII': 'bigint', 'QT_ING_PROUNIP': 'bigint', 'QT_ING_NRPFIES': 'bigint', 'QT_ING_FINANC_NREEMB_OUTROS': 'bigint', 'QT_MAT_FINANC': 'bigint', 'QT_MAT_FINANC_REEMB': 'bigint', 'QT_MAT_FIES': 'bigint', 'QT_MAT_RPFIES': 'bigint', 'QT_MAT_FINANC_REEMB_OUTROS': 'bigint', 'QT_MAT_FINANC_NREEMB': 'bigint', 'QT_MAT_PROUNII': 'bigint', 'QT_MAT_PROUNIP': 'bigint', 'QT_MAT_NRPFIES': 'bigint', 'QT_MAT_FINANC_NREEMB_OUTROS': 'bigint', 'QT_CONC_FINANC': 'bigint', 'QT_CONC_FINANC_REEMB': 'bigint', 'QT_CONC_FIES': 'bigint', 'QT_CONC_RPFIES': 'bigint', 'QT_CONC_FINANC_REEMB_OUTROS': 'bigint', 'QT_CONC_FINANC_NREEMB': 'bigint', 'QT_CONC_PROUNII': 'bigint', 'QT_CONC_PROUNIP': 'bigint', 'QT_CONC_NRPFIES': 'bigint', 'QT_CONC_FINANC_NREEMB_OUTROS': 'bigint', 'QT_ING_RESERVA_VAGA': 'bigint', 'QT_ING_RVREDEPUBLICA': 'bigint', 'QT_ING_RVETNICO': 'bigint', 'QT_ING_RVPDEF': 'bigint', 'QT_ING_RVSOCIAL_RF': 'bigint', 'QT_ING_RVOUTROS': 'bigint', 'QT_MAT_RESERVA_VAGA': 'bigint', 'QT_MAT_RVREDEPUBLICA': 'bigint', 'QT_MAT_RVETNICO': 'bigint', 'QT_MAT_RVPDEF': 'bigint', 'QT_MAT_RVSOCIAL_RF': 'bigint', 'QT_MAT_RVOUTROS': 'bigint', 'QT_CONC_RESERVA_VAGA': 'bigint', 'QT_CONC_RVREDEPUBLICA': 'bigint', 'QT_CONC_RVETNICO': 'bigint', 'QT_CONC_RVPDEF': 'bigint', 'QT_CONC_RVSOCIAL_RF': 'bigint', 'QT_CONC_RVOUTROS': 'bigint', 'QT_SIT_TRANCADA': 'bigint', 'QT_SIT_DESVINCULADO': 'bigint', 'QT_SIT_TRANSFERIDO': 'bigint', 'QT_SIT_FALECIDO': 'bigint', 'QT_ING_PROCESCPUBLICA': 'bigint', 'QT_ING_PROCESCPRIVADA': 'bigint', 'QT_ING_PROCNAOINFORMADA': 'bigint', 'QT_MAT_PROCESCPUBLICA': 'bigint', 'QT_MAT_PROCESCPRIVADA': 'bigint', 'QT_MAT_PROCNAOINFORMADA': 'bigint', 'QT_CONC_PROCESCPUBLICA': 'bigint', 'QT_CONC_PROCESCPRIVADA': 'bigint', 'QT_CONC_PROCNAOINFORMADA': 'bigint', 'QT_PARFOR': 'bigint', 'QT_ING_PARFOR': 'bigint', 'QT_MAT_PARFOR': 'bigint', 'QT_CONC_PARFOR': 'bigint', 'QT_APOIO_SOCIAL': 'bigint', 'QT_ING_APOIO_SOCIAL': 'bigint', 'QT_MAT_APOIO_SOCIAL': 'bigint', 'QT_CONC_APOIO_SOCIAL': 'bigint', 'QT_ATIV_EXTRACURRICULAR': 'bigint', 'QT_ING_ATIV_EXTRACURRICULAR': 'bigint', 'QT_MAT_ATIV_EXTRACURRICULAR': 'bigint', 'QT_CONC_ATIV_EXTRACURRICULAR': 'bigint', 'QT_MOB_ACADEMICA': 'bigint', 'QT_ING_MOB_ACADEMICA': 'bigint', 'QT_MAT_MOB_ACADEMICA': 'bigint', 'QT_CONC_MOB_ACADEMICA': 'bigint', 'CO_CINE_ROTULO2': 'string', 'dt_atualizacao': 'timestamp'}]"
				]
			},
			"env": {
				"type": "object",
				"defaultValue": {
					"env": "dev"
				}
			}
		},
		"folder": {
			"name": "raw/usr/fiesc/mec/inep"
		},
		"annotations": []
	}
}