{
	"name": "org_raw_ibge_pib_anual_municipios",
	"properties": {
		"description": "Paramas for system OBA, implemented via user updated files.",
		"activities": [
			{
				"name": "import_uld_files__0__wrapper",
				"type": "ExecutePipeline",
				"dependsOn": [],
				"policy": {
					"secureInput": false
				},
				"userProperties": [],
				"typeProperties": {
					"pipeline": {
						"referenceName": "import_uld_files__0__wrapper",
						"type": "PipelineReference"
					},
					"waitOnCompletion": true,
					"parameters": {
						"files": {
							"value": "@pipeline().parameters.files",
							"type": "Expression"
						},
						"databricks": {
							"value": "@pipeline().parameters.databricks",
							"type": "Expression"
						},
						"adf": {
							"value": "@json(concat('{\"adf_factory_name\": \"', pipeline().DataFactory, '\", \"adf_pipeline_name\": \"', pipeline().Pipeline, '\", \"adf_pipeline_run_id\": \"', pipeline().RunId, '\", \"adf_trigger_id\": \"', pipeline().TriggerId, '\", \"adf_trigger_name\": \"', pipeline().TriggerName, '\", \"adf_trigger_time\": \"', pipeline().TriggerTime, '\", \"adf_trigger_type\": \"', pipeline().TriggerType, '\"}'))",
							"type": "Expression"
						},
						"env": {
							"value": "@pipeline().parameters.env",
							"type": "Expression"
						}
					}
				}
			}
		],
		"concurrency": 1,
		"parameters": {
			"databricks": {
				"type": "object",
				"defaultValue": {
					"notebook": "/oni/ibge/pib_anual/org_raw_ibge_pib_anual_municipios"
				}
			},
			"files": {
				"type": "array",
				"defaultValue": [
					"{'namespace':'/oni','type_raw':'/usr', 'file_folder':'/ibge/scn/pib_anual/municipios/', 'prm_path': '/prm/usr/oni/ibge/pib_anual_municipios/FIEC_ibge_pib_anual_municipios_raw.xlsx', 'extension':'xlsx','column_delimiter':'','encoding':'','null_value':''}"
				]
			},
			"env": {
				"type": "object",
				"defaultValue": {
					"env": "dev"
				}
			}
		},
		"folder": {
			"name": "raw/usr/oni/ibge/pib_anual"
		},
		"annotations": []
	}
}