{
	"name": "org_raw_inep_ind_educ_bas_complex_gestao_icg_brasil_regioes_ufs",
	"properties": {
		"description": "Paramas for system OBA, implemented via user updated files.",
		"activities": [
			{
				"name": "import_uld_files__0__wrapper",
				"type": "ExecutePipeline",
				"dependsOn": [],
				"policy": {
					"secureInput": false
				},
				"userProperties": [],
				"typeProperties": {
					"pipeline": {
						"referenceName": "import_uld_files__0__wrapper",
						"type": "PipelineReference"
					},
					"waitOnCompletion": true,
					"parameters": {
						"files": {
							"value": "@pipeline().parameters.files",
							"type": "Expression"
						},
						"databricks": {
							"value": "@pipeline().parameters.databricks",
							"type": "Expression"
						},
						"adf": {
							"value": "@json(concat('{\"adf_factory_name\": \"', pipeline().DataFactory, '\", \"adf_pipeline_name\": \"', pipeline().Pipeline, '\", \"adf_pipeline_run_id\": \"', pipeline().RunId, '\", \"adf_trigger_id\": \"', pipeline().TriggerId, '\", \"adf_trigger_name\": \"', pipeline().TriggerName, '\", \"adf_trigger_time\": \"', pipeline().TriggerTime, '\", \"adf_trigger_type\": \"', pipeline().TriggerType, '\"}'))",
							"type": "Expression"
						},
						"env": {
							"value": "@pipeline().parameters.env",
							"type": "Expression"
						}
					}
				}
			}
		],
		"concurrency": 1,
		"parameters": {
			"databricks": {
				"type": "object",
				"defaultValue": {
					"notebook": "/oni/inep/ind_educ_bas/complex_gestao/org_raw_inep_ind_educ_bas_complex_gestao_icg_brasil_regioes_ufs"
				}
			},
			"files": {
				"type": "array",
				"defaultValue": [
					"{'namespace':'oni','file_folder':'inep/ind_educ_bas/complex_gestao/icg_brasil_regioes_ufs/','data_file':'*.xlsx','extension':'xlsx','column_delimiter':'','encoding':'cp1252','null_value':'', 'raw_path': 'inep/ind_educ_bas/complex_gestao/icg_brasil_regioes_ufs/', 'prm_path': ''}"
				]
			},
			"env": {
				"type": "object",
				"defaultValue": {
					"env": "dev"
				}
			}
		},
		"folder": {
			"name": "raw/usr/oni/inep/ind_educ_bas"
		},
		"annotations": []
	}
}